Comment,Timestamp,Sentiment
why is she smiling ?,2023-09-20T12:36:39Z,0.4588
What‚Äôs funny is now that he is out of office hunter biden is being prosecuted for his dealings in Ukraine üòÇüòÇ,2023-09-15T23:42:26Z,0.0772
I don't think QUEEN Pelosi's praying for The PRESIDENT of the United States of America any more! She's one pissed off Mother!,2021-02-14T02:38:34Z,-0.1896
"Young people, no matter what you are being taught in school, no matter what every television network tells you, if you have hate in your heart for anybody, anybody at all, your hate won't destroy the person you hate. Your hate will destroy you as it completely consumes every aspect of your life, your thinking, and eventually even your physical health. Forget the song, ""Let it snow, let it snow."" When it comes to hate, you must, ""Let it go, let it go.""",2021-01-29T22:10:08Z,-0.9578
MOST HATED WOMAN IN AMERICA,2021-01-15T02:50:40Z,-0.6697
"MMM- Peach üçëüçëüçë
My Favorite flavor of the month üç¶üßÅüò±üòëüç®üçßüçëüçëüçëüçëüçëüçë",2021-01-12T06:04:22Z,0.4588
So tired of see hearing this women we need a fresh young man üôÇ in this house üèòÔ∏è,2021-01-03T22:04:37Z,-0.2247
"""""Remember the
Impeachment Farce"""""""" and Nancy Pelosi and others standing
on the Founding Fathers as the core of this Nation the Flag God the
Constitution Rule of law as a reason to Impeach the President""""""
but then a few months later they were kneeling in solidarity against those same
values of God Constitution Flag and the Founding Fathers Rule of law """"who
they now call Racist. Watch the videos of their outrageous and obvious lies and
hypocrisy about who they are and what they really stand for moment by politically
advantageous moment. Which proves they don‚Äôt give a dam about us but
only the power.",2020-07-17T20:31:51Z,-0.34
They should have chosen somebody that can speak as speaker.,2020-07-17T20:29:00Z,0.0
"I want people to come back and look at the ice cream eating democrats; After the corona virus out break, individuals and small businesses across America lost all of they're income. They still have bills to pay and mouths to feed and after all this time most small businesses haven't received their funding- so what does nancy pelosi do after voting to starve small businesses out? well she decided to pose in front of her 2 ice cream filled freezers during a home conference video! Pelosi wanted America to see her in front of her 20,000$ freezers while this countries small businesses disintegrate!! I hope voters are paying attention to this on November 3rd I hope voters from all backgrounds remember the pathetic ice cream eating Nancy Pelosi and her corrupted squad membersüëç",2020-04-19T11:10:58Z,-0.4898
Demon smirk,2020-04-18T06:09:44Z,0.0
"I am a Roman Catholic, but I feel ashamed and humiliated when Nancy says she is a Catholic, if she was a true Catholic she would never have done bad things. so bad ...",2020-04-04T10:43:45Z,0.6124
The Emmy will do everything in its power to put a witch in the Whitehouse........Kim Clement...,2020-02-18T22:51:28Z,-0.3612
"üõë  Congressman Collins,Says It's Time for Angry Democrat sore loser Nancy Pelosi to Get Over Impeachment. Trump was exonerated of all charges. Stop wasting $millions$ in taxpayer money on  more impeachment nonsense. Get busy Cleaning up your San Francisco. It is a drug infested homeless hell hole.",2020-02-17T18:36:45Z,-0.9637
THERE IS  A   SCHIFT OF INTELLIGENCE  IN THE  DEMONCRATIC PARTY,2020-02-11T11:12:24Z,0.7003
IS  SHE  A   PART  OF  A  GANG.,2020-02-11T11:09:52Z,0.0
THE  DEMOCRATIC  PARTY  JUST  ENDED  THEIR  PARTY,2020-02-11T11:08:59Z,0.6597
"Hey Pelosi, how does it feel to have been utterly disgraced, defeated,  and humiliated?",2020-02-08T14:43:58Z,-0.8431
"Good afternoon. Last Tuesday, we observed the anniversary of the adoption of the Constitution on September 17th. Sadly, on that day, the Intelligence Community Inspector General formally notified the Congress that the administration was forbidding him from turning over a whistleblower complaint on Constitution Day.
This is a violation of the law. Shortly thereafter, press reports began to break of a phone call by the President of the United States, calling upon a foreign power to intervene in his election. This is a breach of his constitutional responsibilities.
The facts are these. The Intelligence Community Inspector General, who was appointed by President Trump, determined that the complaint is both of urgent concern and credible, and its disclosure, he went on to say, relates to one of the most significant and important of the Director of National Intelligence's responsibility to the American people.
On Thursday, the Inspector General testified before the House Intelligence Committee, stating that the Acting Director of National Intelligence barred him from disclosing the whistleblower complaint. This is a violation of law.
The law is unequivocal. The DNI staff, it says the DNI ‚Äî DNI, Director of National Intelligence‚Äî
shall provide Congress the full whistleblower complaint. For more than 25 years, I've served on the Intelligence Committee as a member ‚Äî as the Ranking Member as part of the Gang of Four even before I was in the leadership.
I was there when we created the Office of the Director of National Intelligence. That did not exist before 2004. I was there even earlier in the '90s when we wrote the whistleblower laws and continue to write them to improve them to ensure the security of our intelligence and the safety of our whistleblowers.
I know what their purpose was and we proceeded with balance and caution as we wrote the laws. I can say with authority the Trump administration's actions undermine both our national security and our intelligence and our protections of the whistleblowers, more than both.
This Thursday, the Acting DNI will appear before the House Intelligence Committee. At that time, he must turn over the whistleblower's full complaint to the Committee. He will have to choose whether to break the law or honor his responsibility to the Constitution.
On the final day of the Constitutional Convention in 1787, when our Constitution was adopted",2020-01-28T15:14:09Z,0.9864
"Pshhhh it's sad how clueless people can be

TRUMP 2020",2020-01-16T21:22:56Z,-0.6808
"2:52- 3:20
Get's me everytime, it's truly beautiful. I believe at it's heart, the very true and pure reason for this move/action and why it IS the right choice to make! May God help us, and lead us all to do the Next Right Thing for ourselves and for our country!",2020-01-16T07:36:28Z,0.9358
you can see her skull comin out of its skin  she has also learn to keep them cross bones from waving about  un controllable rest in peace  crazy nancy off to the old peoples home for you,2020-01-09T04:26:39Z,0.2732
Nasty nancy ish an insult to all women.,2019-12-26T11:42:02Z,-0.7845
"what are those black lines on her eyelids?  Who applied her makeup like that?  good grief it is distracting, Were you drinking while putting on your makeup again nancy?",2019-12-05T20:02:59Z,-0.1381
2+2=5,2019-11-28T04:09:07Z,0.0
"Nancy: President Trump needs to be impeached for lots of reasons he has violated several laws he's made deals with Russia he's made deals with Ukraine and he's been saying I can do whatever I want and in this country we need to work together and come up with an agreement so with that we need him impeached thank you
Donald: Nancy Pelosi thinks I did something wrong that I should be impeached but I've been keeping my people safe my country safe I'm not hurting anyone and I'm not trying to start a war so if you think Nancy is telling the truth she's not she's just doing this cause she doesn't like me and she thinks she's in charge of this country and she also thinks that America hates me but wait till the 2020 election comes and we'll see who America likes more cause I've been trying to make America great again but the democrats are not letting me do these things so wait till 2020 happens and then we'll see who America agrees with more thank you. 
(Here's my prediction) 
Me: hello this is my prediction of what I think is going on for the past 3 years the democrats have been hating on Trump about lots of things he's doing for our country yes we want America to be safe, yes we don't want to go to war with nobody but we should work together and figure out what's going on cause lots of people are hating on Trump and Nancy Pelosi wants to impeach Trump but it's not working and the 2020 Presidential Election is next year in this month of November so there shouldn't be an impeachment when it gets close to the next election and we should just let America choose if Trump should still be in office or if one of the Democratic candidates takes oath of office thank you",2019-11-20T00:25:32Z,0.9439
She‚Äôs basically giving a history lesson on how long our country has been corrupted!!!üíØ Just now WE THE PEOPLE have a President that won‚Äôt allow it to continue in the direction it had been going and well Pelosi can‚Äôt have that!!!,2019-10-31T15:26:36Z,0.7627
Slurred speech is all I got out of this. She can't even read off a teleprompter!! Go back to your vineyard!!!,2019-10-30T01:34:32Z,0.0
"üòú 
üëä/||\_ 
  _/¬Ø ¬Ø\_",2019-10-22T15:50:29Z,0.0
"Thank you Ms . Pelosi, for being the Voice of so many Americans in the United States, my support an so many other rely on such strong voice such as your . 7 1/2 supporters depends on your strong voice for the United States. I love you Ms üòò pelosi, ( stay strong for us . United States of America.",2019-10-18T13:14:43Z,0.9828
Impeach Pelosi,2019-10-16T23:55:22Z,0.0
what was that all about ..load of garbage..,2019-10-16T11:40:39Z,0.0
Old farts like her should retire already or get ready for the embalming fluid.  Sit back and relax on all you real estate investments in the Bay area. So angry. What's up w. her speech? Bad denture job?,2019-10-08T18:25:06Z,-0.1414
Thanks  for the laugh Global News you made my day.,2019-10-08T16:42:31Z,0.7579
"PELOSI AND SCHIFF DOESN'T EVEN KNOW WHAT THE FABRICATED CHARGES ARE!! THEY'RE HELL BENT ON IMPEACHING OUR BELOVED PRESIDENT, TO THEIR OWN DEMISE!!! PRESIDENT TRUMP HAS BEEN FORTHRIGHT IN ALL HIS DEALINGS, BUT THE MEDIA CONTINUES TO AID THE DEMONIC DEEP STATE'S FAR LEFT!!!  GOD IS ON THE SCENE AND HIS JUDGMENTS WILL BE SWIFT FOR THOSE WHO FOLLOW SATAN!!! WE THE PEOPLE WILL MAINTAIN OUR ALLEGIANCE TO GOD AND THE CONSTITUTION OF THE UNITED STATES, NOT MAN!!!",2019-10-08T13:23:15Z,0.8798
Love how dems support the constitution when it feels good. Lol,2019-10-07T23:45:57Z,0.9118
Never going to happen!,2019-10-07T03:31:18Z,0.0
lol,2019-10-06T01:52:52Z,0.4215
Yes let‚Äôs all get this white supremacist leader out of office. God bless America üá∫üá∏,2019-10-05T20:01:48Z,0.7964
How foolish you are!!!!,2019-10-05T05:05:12Z,-0.5053
Donald Trump is the üêê,2019-10-04T05:08:36Z,0.0
All these people saying Pelosi is drunk are just ashamed that their Cheeto man is gettin booted,2019-10-03T18:58:25Z,-0.6705
*What a hag !*,2019-10-01T10:06:08Z,0.0
Hahahahahahaha she really thinks this will work god they are so dumb trump 2020,2019-10-01T10:02:38Z,-0.4838
Nancy Pelosi Ur FIRED!!!!!!! and Guilty off all u say trump did U have done,2019-10-01T04:19:36Z,-0.6083
"Nancy Pelosi often displays what is known as ‚ÄúDuping Delight.‚Äù Even her monthly dose of 10,000 Botox units can‚Äôt cover up her desire to manipulate and deceive. She‚Äôs done it for so long it‚Äôs just second nature. Democrats Just hope if they throw enough spaghetti against the wall somethings going to stick. Dear God the American people have had enough of this.",2019-10-01T02:38:32Z,0.765
Call Nancy Pelosi tell her to resign!!! 202-225-4965,2019-09-30T20:54:05Z,-0.5067
She should go to Guantanamo for treason.,2019-09-30T10:47:03Z,-0.4404
"No one:
Absolutely no one:
People who still support trump: sHe SoUnDs DrUnK",2019-09-29T15:05:47Z,-0.5256
Her dentures are too big for her slurred speech,2019-09-29T14:29:14Z,0.0
"Ole nance is barely hanging on,  huh .? Lol !! This freak can barely form a sentence and looks like she  climbed out of a grave 3 days ago and hit the stage .... show time , pig ! Keep talking,  you're doing great !",2019-09-28T21:48:15Z,0.7261
"Trump said all disposable people out.. which aoc knows nothing about.. one word corruption get out..... thank you trump 2020 and more like him
Disgrace Democrats.. max waters really??",2019-09-28T04:48:16Z,0.2935
"How about do some laws now, you undermine the American people.. Seriously,  again.. losers
.trump 2020.
.get over it.
.we are winner's",2019-09-28T04:45:26Z,-0.743
"""The President is held accountable. No one is above the law."" A great lesson from our American ally!

More international examples? British PM Johnson ('illegal' abuse of parliamentary power); former/the late Zimbabwe President Mugabe ('impeachment call' & 'resignation' on power abuse & corruption); former Hong Kong Chief Executive Tsang ('jailed' on unethical misconducts & corruption) ... And in Canada? Our PM's 'proven' practices of all as committed by these top national officials still leave him grasping & babbling around freely for reelection to date. How sad, how illogical, how shameful - domestically & internationally.",2019-09-27T17:00:27Z,-0.9032
I wish they would impeach Nancy. She not worthy to serve in the office.,2019-09-27T14:59:22Z,0.0757
"She is corrupt, she is a crook, she is the left hand of hillary clinton, she is old, she isnt sharp, very dangerous woman full of extreme left hatred. I dont care about your left or right but i do care about justice! The only way to stop this witch hunt is to look at official facts. There is no solid proof!",2019-09-27T12:26:32Z,-0.8109
Bet ! She almost lost her dentures right before quickly exiting stage. üòπ,2019-09-27T05:17:04Z,-0.318
25 years? How is this possible? Time for you to retire and take up knitting sweaters for the homeless Nancy!!!!,2019-09-27T03:54:03Z,0.0
Whistle Blower? Or just the wind blowing past Pelosi's head?,2019-09-27T02:22:16Z,0.0
Get these pot smoking Democrat socialist out of our country,2019-09-27T00:02:56Z,0.0
Trump 2020,2019-09-27T00:02:20Z,0.0
She‚Äôs scary ü§•,2019-09-26T21:56:27Z,-0.4939
Helping Trump to win again in 2020. More than Trump the democratic party will ensure Trump wins again..,2019-09-26T18:42:17Z,0.9325
Nancy Pelosi should be investigated..she came into Congress a normal person..decades later she's a  multimillionaire..how did that happen..one of the tactics of guilty parties is to deflect attention from themselves by 'any means necessary '..,2019-09-26T16:46:24Z,-0.0258
My goodness! If she could spew fire she would. Too bad for her she's just blowing smoke. When will she ever give up?,2019-09-26T15:56:52Z,-0.4926
Nut cases,2019-09-26T11:35:09Z,0.0
Peloci bidon are finished,2019-09-26T10:48:30Z,0.0
She look creepy asf,2019-09-26T10:22:56Z,0.0
"When I see Pelosi, I can't help but emphatically exclaim: ""Botox and dentures and lies, oh my!"" Botox and dentures and lies, oh my!!!"" ""Botox and dentures and lies, oh my!!!!!!!!!!""",2019-09-26T09:09:26Z,-0.9312
Nancy it‚Äôs a trap!!!,2019-09-26T05:35:04Z,-0.4898
She served on the intelligence committee so she must be smart.üôÑ,2019-09-26T05:32:48Z,0.4767
Show me the man. I will find you the crime.,2019-09-26T05:31:13Z,-0.5423
"Spoiler: Trump doesn‚Äôt get impeach and liberal get even more butt hurt. 

Life is good. Lol",2019-09-26T03:21:22Z,0.2551
Ha ha ha ha ha üòÅüòÅüòÅüòÅü§£üòÇü§£üòÇüò≠ü§≠üòÜüòÜüòÜüòÜüòÜüòÑüòÑü§£üòÇü§£üòÇü§£üòÇü§£üòäüò≠üò≠yall dont think she sounds crazy to you?,2019-09-26T00:35:07Z,0.8225
She's a joke,2019-09-25T20:14:17Z,0.296
Witch Pelosi,2019-09-25T19:22:27Z,-0.3612
What a liar she is.  Can't stand to watch her.,2019-09-25T15:29:27Z,-0.5106
"Here we go again... üòä
Shamelessly Democrats. ü§î",2019-09-25T15:04:31Z,-0.34
ERROR ERROR TRUMP IS WINNING ERROR ERROR MUST THROW TANTRUM ERROR ERROR,2019-09-25T14:37:13Z,-0.9274
Many whites aren't gonna like this. But right is right.....,2019-09-25T13:58:26Z,-0.2755
Waste of time and resources,2019-09-25T13:39:47Z,-0.4215
the Dumbocrats want Trump out so bad  because he is draining their corrupt swamp,2019-09-25T13:03:53Z,-0.6359
"Impeach Corrupt Trump. 
üá∫üá∏In USA NO ONE us above the American constitution Law. 
Corrupt trump ask Ukraine president to interfere with US election. Dump Trump Treasonüí•üí•",2019-09-25T12:08:06Z,-0.6739
"Haters trump, republican, Putin, Russian bots leaving negative comments and thumb down here.üí•",2019-09-25T12:04:28Z,-0.7845
"""If you spend all day shuffling words around, you can make anything sound bad, Morty."" - Rick",2019-09-25T09:41:00Z,-0.5423
"everyone.s going to want to hear or know this , unfortunately nobody knows what Ben Franklin sounded like or his slaves if he had any ,well revolutionaries are everywhere and sure it's probably harmless whatever but interpreted as not the NSA or CIA but somehow as she educated everyone about. Sure whatever the God bless you all also. Who is the informant of the international assistance to not canvas Americans on behalf of Kiev anyway,",2019-09-25T08:56:45Z,0.9006
Finally. Perhaps the US can now repair their image in the minds of the rest of the world. I know I hope this is the first step for the US to drop their superiority complex and join us in trying to avoid world catastrophy.,2019-09-25T08:44:24Z,0.4939
She nearly didn't make it to the table lol.,2019-09-25T08:03:51Z,0.4215
One way .... Has to find their plants...  His lawyer could take it from there...heh,2019-09-25T07:44:13Z,0.0
Lucky me n the smart former US citizens who renounced our citizenship n don‚Äôt live in a capitalist stolen land with it GMO soil n stupid healthcare system. Enjoy another Trump year you fools.,2019-09-25T07:30:37Z,-0.2732
"If you are so worried about protecting whistleblowers, step up for Assange..!!",2019-09-25T06:52:14Z,-0.5346
whistleblower is nothing but a snitch,2019-09-25T06:06:00Z,0.0
"It's time to disband the DemonRat party, they have become the true evil that is destroying our country, and failing the American people.",2019-09-25T06:01:32Z,-0.7783
PUTLER PUTIN KAPUT !!!,2019-09-25T05:52:05Z,0.0
"‚ÄúIt is not a God, just and good, but a devil, under the name of God, that the Bible describes.‚Äù
Thomas Paine",2019-09-25T05:29:14Z,-0.8307
"Nancy Pelosi, you're off your rocks you can not, and impeachment something that you have no evidence?",2019-09-25T05:12:44Z,-0.296
–ù—ç–Ω—Å–∏ –ü–µ–ª–æ—Å–∏ –æ—á–µ–Ω—å —É—Å—Ç–∞–ª–∞ –∏ –≤–æ–∑—Ä–∞—Å—Ç –¥–æ—Å—Ç–∞–µ—Ç.–ù–∞–¥–æ –ù—ç–Ω—Å–∏ –≤ –¥–æ–ª–≥–æ—Å—Ä–æ—á–Ω—ã–π –æ—Ç–ø—É—Å–∫ –æ—Ç–ø—Ä–∞–≤–∏—Ç—å  –ø–æ —Å—Ç—Ä–∞–Ω–∞–º -–ò—Ä–∞–∫ - –õ–∏–≤–∏—è -–ê—Ñ–≥–∞–Ω–∏—Å—Ç–∞–Ω.,2019-09-25T04:56:35Z,0.0
"Does Nancy Pelosi do anything in life beside trying to impeach trump and failing at it every single time? HE WON! GET OVER IT!!!!  I mean this crazy women have been in involved in politics since 1987, I dare %99.9 of Americans to name one useful thing she did to the public .. she is so useless to the point no one heard of her until she started fighting Trump!",2019-09-25T04:56:34Z,-0.8021
"Watch closely, especially her face and her eyes, and you will notice the deceit and hypocrisy in it. Use your common sense. This is the woman who said Trump will never be President. She looks haunted by her own words.",2019-09-25T04:40:56Z,-0.7269
"Look at her eyes. Pelosi is the America witch, the corrupt deep state blood sucking demons, feeding off of our Tax payer",2019-09-25T04:26:53Z,-0.3612
Trump got them againüòÇüòÇ they are protecting bidens corruptions,2019-09-25T03:51:11Z,0.0
"I was thinking democrats would have held out till the election is closer. Just so they can say ""it's un-American to vote for a President that breaks the law so you have to vote for us"".  Democrats have no hope for winning and the house will go back to the republicans just to shut them up. I'm so sick of hearing drunken Pelosi and the rest of these worthless bums.",2019-09-25T03:36:09Z,-0.4663
I suppose military secrets are covered under the whistle blower protections? Can I whistle blow on troop strength and location? The President is the Chief Law Enforcement Officer in the country. He was performing his duty.,2019-09-25T03:27:54Z,0.5514
This is a declaration of war on America. Warning to all Democrats we will fight back. Since when does this old witch care about the rule of law. Hopefully a tornado drops a house on her and every other Democrat. The only good Democrat is a dead Democrat but unfortunately they still vote.,2019-09-25T03:10:55Z,-0.7615
"Aww man, she sharing those drugs?",2019-09-25T03:01:16Z,0.4215
"Imagine what ""it"" looks like when sleeping, that surprised look all night long (those eyebrows) lol!! That must look pretty freaky...would scare me to roll over next to that staring me in the face, ahhhhh!!!",2019-09-25T02:55:53Z,0.811
"Blink, Nancy, blink....",2019-09-25T02:48:02Z,0.0
"No one is above the law? Unless your Jesse Someilitt. ü§î
16 charges ad the obama stepped in and it all goes awayüòÇ",2019-09-25T02:44:53Z,-0.5106
"Since when did this lot care about the constitution. You trample on the second amendment all the time. And due process. 

First it was tax returns, then it was Russia, Russia, Russia now this Ukraine thing. 

Your lot act above the law all the time. I didn‚Äôt see you lot chase Hillary down with all those emails in the name of national security. 

What hypocrisy ü§Æü§Æü§Æ",2019-09-25T02:35:27Z,0.6808
"So are the Dems trying to retroactively interfere in the 2016 election, or proactively interfere in the 2020?

Answer: Yes.",2019-09-25T02:32:54Z,0.4019
"We will see the facts. Nancy, you have not. Again, way ahead of the facts before allegations are fully deserved. Everyone can see the Democrat dream is there will be no President Trump to run against in 2020. Why? You cannot convince the American people to vote this man out of office, nor convince them to vote leftist Democratic leaders. I remember Nancy you stating, ‚ÄúWe are the opposition party.‚Äù One of the few times you spoke the truth.",2019-09-25T02:29:05Z,-0.0976
"Pelosi...she's 

Caring
Understanding
Noble
Trustworthy",2019-09-25T02:22:02Z,0.8689
"She's in bad shape - as bad as Hillary, Biden and Mueller",2019-09-25T02:21:32Z,-0.7906
Thank you Nancy,2019-09-25T02:21:26Z,0.3612
"She left the saloon and not answer any question, maybe don't have script for that.",2019-09-25T02:17:44Z,0.0
"Nancy: I promise I won't get Drunk tonight


*[Three bottles of Jack Daniels later]*

Nancy: ""we're going to impeach Trump!""",2019-09-25T02:14:51Z,0.5615
Can someone tell her to take her pill?,2019-09-25T02:14:31Z,0.0
HAPPY IMPEACHMENT DAYüá∫üá∏üéâ,2019-09-25T01:50:31Z,0.5719
Wait so he is getting impeached or naw?,2019-09-25T01:50:01Z,0.0
Somehow tekashi69 snitched on him üòÇüòÇüòÇ,2019-09-25T01:43:25Z,0.0
go thump her rump trump 2020 patriots are the real americans here not u pelosi u suck,2019-09-25T01:39:05Z,0.3412
you speak of following the constitution but your a part of the elitist agenda for the nwo and complete hypocrit in my opinion you pelosi have violated and broke several constititutional laws yourself .. starting with the silent coop yall are partakin in.,2019-09-25T01:37:52Z,-0.8519
"I want to process my vaccien with air national guard  n my friend general josheo l lenyal 
 Would u 
 Ana all american people support n wellcome  my coming in usa mam
Thank you .",2019-09-25T01:36:53Z,0.8271
LOOK PEOPLE!!!! ANOTHER CHAPTER OF TALES FROM THE CRYPT . BOTOX HELP US ALL. I.MEAN SORRY.....GOD HELP US ALL.  THEY HAVE REALIZED  THAT TRUMP WON IN 2020. THIS IS THE REAL REASON.,2019-09-25T01:36:35Z,0.9255
Is she drunk?,2019-09-25T01:33:45Z,-0.34
Pelosi sounds drunker than usual.,2019-09-25T01:29:45Z,0.0
nasty Ghost.,2019-09-25T01:29:21Z,-0.7096
"Nancy finally took off the mask and revealed the essence of the witch! Biden and his son colluded with ccp, collecting huge sums of money and political funds, why not investigate! ! ! In turn, President Trump, who was impeached due to tell the truth! The Democratic Party is rubbish! It has been selling the interests of the American people since history! The fact that the Democratic Party has created the Russian Gate is now clear. Why are these fraudulent and the people who have fallen into the president without legal sanctions? Now I know why ccp is so rampant! ! ! Ccp and the US Democratic Party are the enemies of the world!",2019-09-25T01:29:16Z,0.7716
What bills have you passed this year?,2019-09-25T01:28:37Z,0.0
Yet she's been in Congress 30 years and there's bums pooping on the sidewalks of her district throwing used needles in public parks where kids play ...good work Nancy,2019-09-25T01:26:14Z,0.34
"You need to do what you were supposed to do for the American people, but no, you are just waisting our time. And just like you said, a REPUBLIC ,not democrat",2019-09-25T01:26:07Z,0.1154
Yeeeeee Haaaaaw!  Put a tent around the next 3 ring circus!!!  The Demoncrat clowns will be on full display in the upcoming impeachment hearings.  Just what they wanted........NOT!  BWAHAHAHAHAHAHAHAHA!  Gonna have to get me some more popcorn for this charade!  Trump laid out the cheese and the rats couldn‚Äôt resist!  Now you‚Äôre trapped.,2019-09-25T01:25:02Z,-0.6776
"LOL XD They know they can't win the election so they're gonna throw everything they have at this impeachment. Which will fail, piss Dems off, and guarantee a Strong Trump Victory in 2020! Death to Globalism!",2019-09-25T01:20:33Z,0.1969
"Nancy finally gave in to the calls by herr failing parties demand for a formal impeachment inquiry. Not because she wants to or thinks it will lead to impeachment but, rather she knows the Democratic party is totally ""dead"" as of the next election. Most will be gone (indicted) resigned or voted out of office.  She knows if she doesn't allow this inquiry she'll be driven out of office by her own party. A Captain going down with her doomed ship.",2019-09-25T01:11:57Z,-0.5788
What about the constitutional gun rights she wants to take away,2019-09-25T01:05:14Z,-0.34
Nice to see taxpayer money pay for her Botox treatments.,2019-09-25T01:04:41Z,0.34
A drunken Charlie Sheen could a spoke better,2019-09-25T01:04:20Z,0.4404
He promised to balance the budget for 2019 ... but didn't  - he never apologized and is not even concerned. He acts like nothing is wrong.,2019-09-25T00:58:07Z,0.8555
"Well, we got him.",2019-09-25T00:55:12Z,0.2732
"Shout out to all you Brandi Carlile fans. ""I have been to the movies and I've seen how it ends and the joke's on them"". Don't be discouraged.",2019-09-25T00:54:37Z,0.3089
Anyone notice the crack jaw twitch at the end!lol,2019-09-25T00:53:21Z,0.0
Lmao still salty they lost the 2016 election... Thank you for gifting Trump the 2020 election! Much appreciated!,2019-09-25T00:52:45Z,0.8395
She is a waste of time.Clearly she has lost  her mind.Steal excusing the President of crimes commented by the Left.,2019-09-25T00:50:43Z,-0.6249
She looks like a skeleton.  She is also dead inside.,2019-09-25T00:45:02Z,-0.4215
"Come-on DEMS - hang tough - see it through - throw it at the Pink Orangutan. DO NOT RELENT - LOUD, LONG AND STRONG.",2019-09-25T00:41:41Z,0.5473
Impeach the best President ever???? NOT GONNA HAPPEN,2019-09-25T00:39:38Z,0.7319
"Ah, when your life isn‚Äôt one endless, brutalizing, dehumanizing competition for survival, lose that job, there goes your healthcare, bang, everyone one small emergency away from the edge of ruin, then your life isn‚Äôt also one long feeling of dread, anxiety, and despair. Therefore you don‚Äôt have to medicate it away, the way people do in this capitalist empire, whether with painkillers, or with money, or with possessions. You are free to sit there and reflect, to feel deeply the sorrow and joy and pain and beauty of just being here. Just existing for a few breaths on this blue oasis hurtling through the endless darkness. Still wonder, if they will impeach or keep appeasing him.¬†¬†he is an infantile narcissist.¬†He is forever seeking total power, omnipotence, to prove to himself he is worthy, having been unloved by distant parents. He will fail because, in this life, no one can have absolute power. Already, he‚Äôs the world‚Äôs laughingstock. Never mind, he doubles down. He does more violence, calls more names. The world laughs some more. The vicious cycle continues. What else can an infantile narcissist do? He has no shame, just the desperate desire to be powerful, even if it means‚Ä¶turning the whole world to ashes, so long as he can stand atop it. So...We wait...Let Nero fall, for he is not worthy any longer....",2019-09-25T00:37:27Z,-0.9813
She sounds drunk,2019-09-25T00:30:39Z,-0.34
"I'm sure the timing on this has nothing to do with the absolute clown show happening these days in the DNC primaries.  Pelosi has been visibly nervous about 2020 for months now, she knows that if she doesn't pull a next-level deflection ASAP the Democratic party is dead.  Make no mistake: This is the last act of a desperate old woman clinging to her last shreds of power.",2019-09-25T00:28:56Z,-0.8074
"Don't start celebrating, just yet, you Leftist morons. This will never get past the Senate. üñïüòú",2019-09-25T00:22:39Z,-0.6483
These fairys are a fkn joke hahaha watch how many people vote for trump you stupid rats...trump 2020. You guys just fkd yourselves  for eternity.,2019-09-25T00:19:19Z,0.34
"These democratic party members are traitors, this is our duely elected president. This is a treasonous act from traitors within our nation. Everyone that votes with this should be removed from office and tried for treason.  They are enemies to the constitution for which they took an oath to up hold. Thos should not be tolerated!",2019-09-25T00:09:33Z,-0.8122
Wow Democrats are so full of shit..I hope Trump lured The Dems and they fell for it stupid idiots...,2019-09-25T00:09:24Z,0.5106
"THE Criminal DemocRats are gonna LOOSE and LOOSE huge! They are no longer a political party they are a CRIMINAL ORGANIZATION PART OF THE DEEP STATE SWAMP RATS, THEY ARE ALL TRAITORS AND THE DAY OF RECKONING IS EVENTUALLY UPON ALL OF THESE TREASONOUS SWAMP RATS WHO CONTINUE WITH THEIR HIT JOB ON OUR BELOVED PRESIDENT AND GREATEST COMMANDER IN CHIEF. HE IS A TRUE AMERICAN PATRIOT AND HE‚ÄôS GONNA WIN THE 2020 PRESIDENTIAL ELECTION BY A LANDSLIDE VICTORY! President Trump restored the American economy back to greatness and made it the envy of the entire world üåé HE COMPLETELY OVERHAULED THE AMERICAN ARMED FORCES AND RETURNED IT BACK TO IT‚ÄôS FORMER GLORY AS THE GREATEST ARMED FORCE IN THE ENTIRE WORLD. PRESIDENT TRUMP WILL BE FOREVER KNOWN AS THE GREATEST PRESIDENT IN THE HISTORY OF AMERICAüá∫üá∏
GOD BLESS OUR BELOVED PRESIDENT DONALD J TRUMP AND PROTECT HIM AND ALL OF HIS BEAUTIFUL FAMILY FROM THE EVIL SATANIC DEEP STATE PIGS, WHO WISH TO DESTROY HIM AND IN THE PROCESS DESTROY AMERICA AND IMPOVERISH THE AMERICAN PEOPLE, BY CRIPPLING THE AMERICAN ECONOMY THAT PRESIDENT TRUMP FOUGHT SO HARD TO MAKE GREAT AGAIN, WITHOUT ANY HELP from the wicked lowlife democRats I‚Äôll add. DARK TO LIGHT KEEP GOING PRESIDENT TRUMP THE WHOLE COUNTRY IS BEHIND YOU AND WE HAVE YOUR BACK...",2019-09-25T00:07:59Z,0.9755
"She is such a puppet, just give her a little Crack and she will say what ever you want her to.",2019-09-25T00:05:56Z,0.0772
"Since when does the constitution matter? We have people locked up for legislative crimes that aren‚Äôt actual crimes. I mean the right to bear arms is a crime, The right to travel without a license is a crime, So I ask again since when does the constitution matter if congress and the whole dam White House has Violated it by pushing legislative laws which are De Facto!!!!!!!",2019-09-25T00:05:28Z,-0.9075
Yaaaa.. Baby ... Caught the Orange Rat bone spurs with the Russian's cheezzz...üá∫üá∏üèÅ,2019-09-24T23:56:38Z,0.0
"Now it matters ha, we'll see if anything changes",2019-09-24T23:55:26Z,0.3612
Nancy is so old it‚Äôs almost like I‚Äôm watching a skeleton speak,2019-09-24T23:52:30Z,0.2975
"She reminds me my son‚Äôs X .
She always made accusations without proof running around the courthouse to fire canon without bullet.",2019-09-24T23:49:26Z,-0.5719
Pelosi stop wasting tax payers money on your nonsense phantom ideas noone cares about.,2019-09-24T23:44:52Z,-0.5574
"Sorry to Americans, feeling for U in your heartbreak at this time. 
God Bless Americaüá∫üá∏",2019-09-24T23:40:49Z,0.1027
Look at that walking dead heifer ugh!üòù,2019-09-24T23:40:37Z,-0.68
FINALLY,2019-09-24T23:39:11Z,0.0
This plus media programming = Brainwash for Election day I guess?,2019-09-24T23:38:34Z,0.0
"It has been proven it was not a ""whistleblower"".  The person was not even working at the White House, but heard a rumour outside of the Whitehouse that ""such and such"" had happened.  I will laugh when Trump releases the transcript.",2019-09-24T23:33:47Z,0.7096
"She is so full of.....!!
The House can NOT ""Force"" the IG or Anyone Else to reveal to Them or the Public the Name or Total Testimony (which might reveal who they are) of a WHISTLEBLOWER!! 
These ppl are so Desperate to get rid of Trump that they are conducting a ""Coup""! How Dare They? Especially at the same time he's meeting with Foriegn Leaders? They are NUTS! I say Let's just get rid of THEM & then we can decide if any other Laws have been broken, bc THEY'VE been breaking the Constitutional Laws from the Get Go! DOWN WITH THE DEMS....""We The People"" Rule! NOT Them!! 
Enough Already!",2019-09-24T23:31:57Z,-0.8922
Proves they wire tapping trump phone. To know who he talked to.  Adding. Ukrainian  foreign minister denies trump pressure him on July call.  WE THE REPUBLICANS PARTY. DEMAND. TREASON CHARGES ON NANCY. AND ALL DEMOCRATS IN OFFICE. FOR WIRE TAPPING TRUMP OFFICE.  President talk to other presidents all over the world. AREST NANCY TODAY. BRING BACK PUBLIC HANGINGS NOW. .,2019-09-24T23:27:42Z,-0.8506
"WTH is going on with her eyes/eyebrows?
That aint normal people.
I watch waiting for her forehead to unzip and an alien climb out.",2019-09-24T23:26:17Z,-0.6289
Fake reality TV government for your entertainment.,2019-09-24T23:22:30Z,-0.0772
Lock him up!,2019-09-24T23:21:49Z,0.0
"They have known how corrupt Trump is, They haven't done anything, I don't expect them to do anything now.",2019-09-24T23:19:54Z,0.0
"Let see if republicans are durty enough to keep him in power ,even after transcripts shows he commited a crime??? A MESS !!!!",2019-09-24T23:19:30Z,-0.857
What a Creep,2019-09-24T23:18:47Z,0.0
(*Slow claps and yawns) ...Yet annother doomed attempt to impeach the POTUS. Kewl. More votes for us MAGA's when this ends up making Trump look better... for the upteenth time... again...,2019-09-24T23:17:32Z,-0.4404
FINALLY!!!!!! took way too long to find the FULL speach  without any commentary or cuts.......... THANK you for this upload!,2019-09-24T23:15:48Z,0.6598
Not gonna happen,2019-09-24T23:14:57Z,0.0
A big mistake of democrats..... going to embolden trump supporter and certainly pave the way for civil war and American downfall.... congrats...we asian welcome her move....China and India are new world superpower...,2019-09-24T23:14:24Z,0.0516
Corn üåΩ yellow turn to white.,2019-09-24T23:14:19Z,0.0
Shut your piehole,2019-09-24T23:14:11Z,0.0
"All You LEFTIST don't seem to know. Just because a PRESIDENT gets IMPEACH.  It doesn't mean a PRESIDENT will lose his job of PRESIDENT. 
Bill Clinton was IMPEACHED.  If you DEMOCRATS would remember.  Also the SENATE will not pass this. They have NOTHING!",2019-09-24T23:11:57Z,-0.4574
"political parties are expected to work together to run the country effisciently, and with high morals, and integrity! which the democrats somehow got lost in the translation! Tim for a totally new party, as the democrats have destroyed the united states government in theirfeeble greedy attempts to take over congress, and have trampled the constitution in their mad dash to lose an election, and had to end up disrespecting the elected sitting president of the united states, a deplorable democratic failure for the country, by disgracing yourself in every possible way, with you drunk with anger, political activities, that are in no way""""DEMOCRATIC""""  why the internet even humours your feeble attempts, you cannot create a viable leader, and try your best to hinder the winning candidate, you are a disgusting, lot of rabble, and will deserve any america, you get under your control!!! IN MY OPINION!",2019-09-24T23:11:37Z,-0.8861
SENATE? JAIL MOSCOW MITCH,2019-09-24T23:07:09Z,0.0
"impeding an elected sitting president, is much worse than any form of impeachment hearing, by a political party gone completely haywire, the democrats to many americans are no longer a political party, but a lump on the face of mother nature, And we don't care to hear anything any democrat has to say, as it will always be dysfubctional, thanks to persons like yourself! IN MY OPINION!",2019-09-24T23:02:17Z,0.6476
Thank you Ghouliani,2019-09-24T22:58:21Z,0.3612
"Finally, I‚Äôve a dream, dream of Trump out of office and in prison thanks to Nancy, job well done. Now I‚Äôll continued to achieve my America Dream without worrying anything!",2019-09-24T22:54:49Z,0.7922
"Another round of investigations, inquiries, and reports....millions of dollars thrown away as usual. I would bet none of career politicians in DC could survive a real investigation. Now all of a sudden they are quoting the Constitution they have been ignoring for years.",2019-09-24T22:47:35Z,-0.4019
Trump won‚Äôt make it to his 2nd term ü§£ü§£ü§£,2019-09-24T22:45:31Z,0.0
Wow this is Very Serious Unprofessional and immature way to impech President Trump by Never saw transcript at all it's very embarrassment for our country STUPID DEMOCRATS,2019-09-24T22:44:50Z,-0.827
4 years so far of this impeachment. No one is above the law. Let‚Äôs arrest the ones we already know broke the laws.,2019-09-24T22:39:06Z,-0.7506
She never looked so good.   We Need to Impeach Trump NOW!,2019-09-24T22:22:09Z,0.6166
"Y'all know they takes President Trump words out of context, He might have said, I do whatever I want and it might have been one thing for the American people.",2019-09-24T22:18:22Z,0.0772
The hag is drunk again!!,2019-09-24T22:14:47Z,-0.4559
We knew Nancy Pelosi was going to do what ever the Democrats agreed on no matter if it's evidence or not.,2019-09-24T22:14:24Z,0.0
Down with the criminal,2019-09-24T22:12:37Z,-0.5267
"Do not allow trump to ""plead"" the Whistle Blower case in the media.  That Complaint needs to go to CONGRESS right now!  2 months have passed since this complaint was filed and it was withheld from Congress.",2019-09-24T22:11:00Z,-0.6866
On going State of emergency since  1933 government went into a defacto state giving the president executive power. Unconstitutional. People know what the constitution is but have never really read it.,2019-09-24T22:09:37Z,-0.0258
"I have never seen so much mess, these people are bored, they love the publicity these are all older people. And it's sad to say, if he was going to be impeached he would have been with the other investigations.The American people are so sick and tired of this let the President do his job in peace. The Democrats are crooked to the core, and are the ones making money off the taxpayers. Y'all could have put this money on the seniors checks.",2019-09-24T22:07:33Z,-0.7706
Lol üòÇ,2019-09-24T21:58:36Z,0.4215
"It's like Trump had a deathwish , or wanted this to galvanise himself for 2020.",2019-09-24T21:56:57Z,0.3612
"I can only assume they think the general population are too dumb to understand the double speak they do - they quote constitution yet are in breach of it in several ways....  the right to bear arms, The Second Amendment (Amendment II) to the United States Constitution protects the individual right to keep and bear arms.....  money shall be gold or silver  ‚ÄúNo State shall ‚Ä¶ coin money; emit bills of credit; [or] make any Thing but gold and silver coin a Tender in Payment of Debts[.]‚Äù Art. I, sec. 10, cl. 1.  What about this, we have a 'Fiat' currency system with no gold or silver backing it.....  How dare you quote Constitution when you are breaching it every day......",2019-09-24T21:56:27Z,-0.1154
The moronic dems have took the bait trump is going to smash them in 2020 impeachment wont happen and the dems will look like idiots once again just like the Mueller investigation but democratic Americans should be asking why no Hillary investigation for having a illegal server and acid washed emails but i guess they must be blind like stevie wonder or sold America out its pathetic.,2019-09-24T21:54:54Z,-0.9313
She talks like her dentures are falling out üòÇüòÇ,2019-09-24T21:54:35Z,0.2263
"I think she's too old and comes across as very slow,   She struggles to put a sentence together",2019-09-24T21:52:37Z,-0.3535
TRAITOR TRUMP.......,2019-09-24T21:52:13Z,0.0
"Bernie Sanders is an honest Democrat. He deserves to be the president of the United states of America.
He will certainly make America great.",2019-09-24T21:51:52Z,0.9118
God Bless Nancy!,2019-09-24T21:51:14Z,0.636
Can they get any dumber. How did they get voted in?  Trump set you up beautifully,2019-09-24T21:50:31Z,0.296
Trump 2020,2019-09-24T21:48:24Z,0.0
IG HAS DONE JACK SCHITT IN REGARDS TO COMEY AND FRIENDS...BUT TRUMP...ITS URGENT? YEA...OKAY. THE INTELLIGENCE AGENCIES EVESDROP ON OUR PRESIDENT TO UNDERMINE HIM AND INVESTIGATE HIM AT EVERY TURN...JUST IN CASE HE VIOLATES ANY OF THE THOUSANDS OF LAWS ON THE BOOKS. TOTAL COUP...,2019-09-24T21:47:54Z,-0.1531
Will you people ever stop? You try and fail miserably every time. Don't you people have any sense of morality? Haven't you been embarrassed enough about this? It's like the kid in the Home Alone movie when he says: do you want to give up? Or are you thirsty for more? I guess you idiots want more.,2019-09-24T21:47:17Z,-0.7615
Trump for prison 2020.,2019-09-24T21:46:58Z,-0.5106
Dems determined to destroy themselves Trump 2020,2019-09-24T21:41:10Z,-0.2732
"In brightest day, in blackest night, 
No evil shall escape my sight 
Let those who worship evil's might, 
Beware my power...Green Lantern's light!!!",2019-09-24T21:41:06Z,0.2905
Good bye trump !,2019-09-24T21:37:33Z,0.4926
Julian Assange. What protection for whistle blowers.,2019-09-24T21:34:44Z,0.0
Drunk as usual,2019-09-24T21:33:32Z,-0.34
"must be true , a good half glass of vodka, makes it easier to understand her",2019-09-24T21:33:05Z,0.8176
WHAT a ¬†S E N I L E old hack.¬† BIDDEN WILL FAIL.,2019-09-24T21:32:58Z,-0.6408
Impeach Trump and say sorry to China.,2019-09-24T21:32:27Z,-0.0772
why so many crotchety old people on their side..i will never vote democrat again,2019-09-24T21:31:11Z,0.0
I will vote for Trudeau in October. Good job Nancy Pelosi ! Am I the only one here saying this ?,2019-09-24T21:30:54Z,0.4926
FINALLY!!!,2019-09-24T21:28:18Z,0.0
Canada needs a true leader like president Trump,2019-09-24T21:27:11Z,0.6486
"Walked right into the trap they did.
Going to regret it they will.",2019-09-24T21:26:52Z,-0.6249
H*** yes this puts the lid on their coffee Democrats are done,2019-09-24T21:26:33Z,0.4019
üëèüëèüëèüëèüëè,2019-09-24T21:26:16Z,0.0
You will lose Nancy Pelosi,2019-09-24T21:25:33Z,-0.4019
I swear trump fans swarm every video like they have nothing better to do lol,2019-09-24T21:24:15Z,0.4007
"Regardless of party affiliation, transparency to the public is required. They are all public servants paid by taxpayers. They all work for us. They all need to be reminded of that.",2019-09-24T21:24:10Z,0.4019
"Say it with me everybody..

S E N I L E",2019-09-24T21:23:18Z,0.0
Biden is as corrupt as Trump is but when Trump does it it's in plain sight while Biden works against you all behind closed doors,2019-09-24T21:21:54Z,0.0
More hope for the peanut gallery.......This will fail XD,2019-09-24T21:21:30Z,0.64
Haha the democrats never stop but fail to realize they look stupider and stupider,2019-09-24T21:18:07Z,-0.6464
"Nancy, you look marvelous.  Congratulations on you decision to proceed.  Don't stop.  This coming on the heels of the Snowden  interviews is timely.  His new book is #1 on the New York Times.  Whistle blowers will be all the rage.",2019-09-24T21:14:45Z,0.7259
